{"cameraMode":{"drawMode":0,"name":"Shaded","section":"Shading Mode"},"sceneLighting":false,"audioPlay":false,"sceneViewState":{"m_AlwaysRefresh":false,"showFog":true,"showSkybox":false,"showFlares":true,"showImageEffects":true,"showParticleSystems":true,"showVisualEffectGraphs":true,"m_FxEnabled":true},"in2DMode":false,"pivot":{"x":15.905265808105469,"y":2.7518131732940676,"z":-20.436410903930665},"rotation":{"x":0.07696402817964554,"y":0.15578147768974305,"z":-0.012176129966974259,"w":0.9847185015678406},"size":0.08660265058279038,"orthographic":false}