{"cameraMode":{"drawMode":0,"name":"Shaded","section":"Shading Mode"},"sceneLighting":true,"audioPlay":false,"sceneViewState":{"m_AlwaysRefresh":false,"showFog":true,"showSkybox":true,"showFlares":true,"showImageEffects":true,"showParticleSystems":true,"showVisualEffectGraphs":true,"m_FxEnabled":true},"in2DMode":false,"pivot":{"x":-0.08220461755990982,"y":2.785696029663086,"z":29.005355834960939},"rotation":{"x":0.19817879796028138,"y":-0.002940485952422023,"z":0.0005944091244600713,"w":0.9801625609397888},"size":34.7669677734375,"orthographic":false}