{"cameraMode":{"drawMode":0,"name":"Shaded","section":"Shading Mode"},"sceneLighting":false,"audioPlay":false,"sceneViewState":{"m_AlwaysRefresh":false,"showFog":true,"showSkybox":false,"showFlares":true,"showImageEffects":true,"showParticleSystems":true,"showVisualEffectGraphs":true,"m_FxEnabled":true},"in2DMode":false,"pivot":{"x":2.6834752559661867,"y":-0.050616517663002017,"z":-6.370570659637451},"rotation":{"x":0.05393146350979805,"y":0.03982986882328987,"z":-0.0021539824083447458,"w":0.9977602362632752},"size":0.7316755652427673,"orthographic":false}