{"cameraMode":{"drawMode":0,"name":"Shaded","section":"Shading Mode"},"sceneLighting":false,"audioPlay":false,"sceneViewState":{"m_AlwaysRefresh":false,"showFog":true,"showSkybox":false,"showFlares":true,"showImageEffects":true,"showParticleSystems":true,"showVisualEffectGraphs":true,"m_FxEnabled":true},"in2DMode":false,"pivot":{"x":-1.5261636972427369,"y":2.9574975967407228,"z":1.365991473197937},"rotation":{"x":-0.005948333069682121,"y":0.1310194879770279,"z":0.0007863485370762646,"w":0.9913733601570129},"size":9.52627944946289,"orthographic":false}